Workbook

Sheet Sheet2
A1: Sr No | B1: Enrollment No | C1: Department | D1: Student Name | E1: Semester | F1: Email | G1: Mobile | H1: SPI | I1: CPI | J1: Professional Elective | K1: TOE Name | L1: CNS | M1: SE | N1: DMBI | O1: WT | P1: EO
A2: 1 | B2: EN1 | C2: IT | D2: jalaj patel | E2: 6 | F2: =D2 & "@gmail.com" -> jalaj patel@gmail.com | G2: 8849493211 | H2: 9 | I2: 10 | J2: AI | K2: Cloud | L2: 85 | M2: 88 | N2: 90 | O2: 82 | P2: 86
A3: 2 | B3: EN2 | C3: IT | D3: dev | E3: 6 | F3: =D3 & "@gmail.com" -> dev@gmail.com | G3: 884949221 | H3: 8.1 | I3: 7.9 | J3: ML | K3: DevOps | L3: 70 | M3: 65 | N3: 68 | O3: 72 | P3: 66
A4: 3 | B4: EN3 | C4: CO | D4: raj | E4: 6 | F4: =D4 & "@gmail.com" -> raj@gmail.com | G4: 8849493211 | H4: 9 | I4: 6.2 | J4: DB | K4: AWS | L4: 45 | M4: 48 | N4: 50 | O4: 42 | P4: 47
A5: 4 | B5: EN4 | C5: IT | D5: harsh | E5: 6 | F5: =D5 & "@gmail.com" -> harsh@gmail.com | G5: 8958956945 | H5: 4.8 | I5: 4.5 | J5: Web | K5: Security | L5: 30 | M5: 32 | N5: 28 | O5: 34 | P5: 31
A6: 5 | B6: EN5 | C6: ME | D6: henil | E6: 6 | F6: =D6 & "@gmail.com" -> henil@gmail.com | G6: 9992817893 | H6: 5 | I6: 5 | J6: Web | K6: AWS | L6: 60 | M6: 63 | N6: 57 | O6: 55 | P6: 59
A7: 6 | B7: EN6 | C7: IT | D7: harsh h | E7: 6 | F7: =D7 & "@gmail.com" -> harsh h@gmail.com | G7: 9939939393 | H7: 5.1 | I7: 5.12 | J7: Elective | K7: AWS | L7: 61 | M7: 64 | N7: 58 | O7: 56 | P7: 60
A8: 7 | B8: EN7 | C8: ME | D8: harsh m | E8: 6 | F8: =D8 & "@gmail.com" -> harsh m@gmail.com | G8: 9999999999 | H8: 5.2 | I8: 5.24 | J8: DB | K8: AWS | L8: 62 | M8: 65 | N8: 59 | O8: 57 | P8: 61
A9: 8 | B9: EN8 | C9: IT | D9: pratik | E9: 6 | F9: =D9 & "@gmail.com" -> pratik@gmail.com | G9: 9999999993 | H9: 5.3 | I9: 5.36 | J9: Elective | K9: TOE | L9: 63 | M9: 66 | N9: 60 | O9: 58 | P9: 62
A10: 9 | B10: EN9 | C10: IT | D10: devarshi | E10: 6 | F10: =D10 & "@gmail.com" -> devarshi@gmail.com | G10: 8383838838 | H10: 5.4 | I10: 5.48 | J10: Elective | K10: e-com | L10: 64 | M10: 67 | N10: 61 | O10: 59 | P10: 63
A11: 10 | B11: EN10 | C11: CO | D11: jemil | E11: 6 | F11: =D11 & "@gmail.com" -> jemil@gmail.com | G11: 8849493211 | H11: 5.5 | I11: 5.6 | J11: DB | K11: AWS | L11: 55 | M11: 58 | N11: 52 | O11: 50 | P11: 54
A12: 11 | B12: EN11 | C12: ME | D12: jenil | E12: 6 | F12: =D12 & "@gmail.com" -> jenil@gmail.com | G12: 9999999990 | H12: 5.6 | I12: 5.72 | J12: AI | K12: e-com | L12: 56 | M12: 59 | N12: 53 | O12: 51 | P12: 55
A13: 12 | B13: EN12 | C13: IT | D13: het | E13: 6 | F13: =D13 & "@gmail.com" -> het@gmail.com | G13: 9999977676 | H13: 5.7 | I13: 5.84 | J13: Elective | K13: AWS | L13: 57 | M13: 60 | N13: 54 | O13: 52 | P13: 56
... A21: 20 | B21: EN20 | C21: IT | D21: hofa | E21: 6 | F21: =D21 & "@gmail.com" -> hofa@gmail.com | G21: 9272772727 | H21: 6.5 | I21: 6.8 | J21: Elective | K21: AWS | L21: 55 | M21: 58 | N21: 52 | O21: 50 | P21: 54

Sheet Sheet1
A1: grand total | B1: percentage | C1: grade | D1: GradEO | E1: GRADE CNS | F1: GRADED | G1: GRADEDMBI | H1: GRADEWT
A2: =SUM(Sheet2!L2:P2) -> 431 | B2: =A2/500*100 -> 86.2 | C2: =IF(B2>=90,"AA",IF(B2>=80,"AB",IF(B2>=70,"BB",IF(B2>=60,"BC",IF(B2>=50,"CC","FF"))))) -> AB | D2: =IF(Sheet2!P2>=90,"AA",IF(Sheet2!P2>=80,"AB",IF(Sheet2!P2>=70,"BB",IF(Sheet2!P2>=60,"BC",IF(Sheet2!P2>=50,"CC","FF"))))) -> AB | E2: =IF(Sheet2!L2>=90,"AA",IF(Sheet2!L2>=80,"AB",IF(Sheet2!L2>=70,"BB",IF(Sheet2!L2>=60,"BC",IF(Sheet2!L2>=50,"CC","FF"))))) -> AB | F2: =IF(Sheet2!M2>=90,"AA",IF(Sheet2!M2>=80,"AB",IF(Sheet2!M2>=70,"BB",IF(Sheet2!M2>=60,"BC",IF(Sheet2!M2>=50,"CC","FF"))))) -> AB | G2: =IF(Sheet2!N2>=90,"AA",IF(Sheet2!N2>=80,"AB",IF(Sheet2!N2>=70,"BB",IF(Sheet2!N2>=60,"BC",IF(Sheet2!N2>=50,"CC","FF"))))) -> AA | H2: =IF(Sheet2!O2>=90,"AA",IF(Sheet2!O2>=80,"AB",IF(Sheet2!O2>=70,"BB",IF(Sheet2!O2>=60,"BC",IF(Sheet2!O2>=50,"CC","FF"))))) -> AB
A3: =SUM(Sheet2!L3:P3) -> 341 | B3: =A3/500*100 -> 68.2 | C3: =IF(B3>=90,"AA",IF(B3>=80,"AB",IF(B3>=70,"BB",IF(B3>=60,"BC",IF(B3>=50,"CC","FF"))))) -> BC | D3: =IF(Sheet2!P3>=90,"AA",IF(Sheet2!P3>=80,"AB",IF(Sheet2!P3>=70,"BB",IF(Sheet2!P3>=60,"BC",IF(Sheet2!P3>=50,"CC","FF"))))) -> BC | E3: =IF(Sheet2!L3>=90,"AA",IF(Sheet2!L3>=80,"AB",IF(Sheet2!L3>=70,"BB",IF(Sheet2!L3>=60,"BC",IF(Sheet2!L3>=50,"CC","FF"))))) -> BB | F3: =IF(Sheet2!M3>=90,"AA",IF(Sheet2!M3>=80,"AB",IF(Sheet2!M3>=70,"BB",IF(Sheet2!M3>=60,"BC",IF(Sheet2!M3>=50,"CC","FF"))))) -> BC | G3: =IF(Sheet2!N3>=90,"AA",IF(Sheet2!N3>=80,"AB",IF(Sheet2!N3>=70,"BB",IF(Sheet2!N3>=60,"BC",IF(Sheet2!N3>=50,"CC","FF"))))) -> BC | H3: =IF(Sheet2!O3>=90,"AA",IF(Sheet2!O3>=80,"AB",IF(Sheet2!O3>=70,"BB",IF(Sheet2!O3>=60,"BC",IF(Sheet2!O3>=50,"CC","FF"))))) -> BB
A4: =SUM(Sheet2!L4:P4) -> 232 | B4: =A4/500*100 -> 46.4 | C4: =IF(B4>=90,"AA",IF(B4>=80,"AB",IF(B4>=70,"BB",IF(B4>=60,"BC",IF(B4>=50,"CC","FF"))))) -> FF | D4: =IF(Sheet2!P4>=90,"AA",IF(Sheet2!P4>=80,"AB",IF(Sheet2!P4>=70,"BB",IF(Sheet2!P4>=60,"BC",IF(Sheet2!P4>=50,"CC","FF"))))) -> FF | E4: =IF(Sheet2!L4>=90,"AA",IF(Sheet2!L4>=80,"AB",IF(Sheet2!L4>=70,"BB",IF(Sheet2!L4>=60,"BC",IF(Sheet2!L4>=50,"CC","FF"))))) -> FF | F4: =IF(Sheet2!M4>=90,"AA",IF(Sheet2!M4>=80,"AB",IF(Sheet2!M4>=70,"BB",IF(Sheet2!M4>=60,"BC",IF(Sheet2!M4>=50,"CC","FF"))))) -> FF | G4: =IF(Sheet2!N4>=90,"AA",IF(Sheet2!N4>=80,"AB",IF(Sheet2!N4>=70,"BB",IF(Sheet2!N4>=60,"BC",IF(Sheet2!N4>=50,"CC","FF"))))) -> CC | H4: =IF(Sheet2!O4>=90,"AA",IF(Sheet2!O4>=80,"AB",IF(Sheet2!O4>=70,"BB",IF(Sheet2!O4>=60,"BC",IF(Sheet2!O4>=50,"CC","FF"))))) -> FF
A5: =SUM(Sheet2!L5:P5) -> 155 | B5: =A5/500*100 -> 31 | C5: =IF(B5>=90,"AA",IF(B5>=80,"AB",IF(B5>=70,"BB",IF(B5>=60,"BC",IF(B5>=50,"CC","FF"))))) -> FF | D5: =IF(Sheet2!P5>=90,"AA",IF(Sheet2!P5>=80,"AB",IF(Sheet2!P5>=70,"BB",IF(Sheet2!P5>=60,"BC",IF(Sheet2!P5>=50,"CC","FF"))))) -> FF | E5: =IF(Sheet2!L5>=90,"AA",IF(Sheet2!L5>=80,"AB",IF(Sheet2!L5>=70,"BB",IF(Sheet2!L5>=60,"BC",IF(Sheet2!L5>=50,"CC","FF"))))) -> FF | F5: =IF(Sheet2!M5>=90,"AA",IF(Sheet2!M5>=80,"AB",IF(Sheet2!M5>=70,"BB",IF(Sheet2!M5>=60,"BC",IF(Sheet2!M5>=50,"CC","FF"))))) -> FF | G5: =IF(Sheet2!N5>=90,"AA",IF(Sheet2!N5>=80,"AB",IF(Sheet2!N5>=70,"BB",IF(Sheet2!N5>=60,"BC",IF(Sheet2!N5>=50,"CC","FF"))))) -> FF | H5: =IF(Sheet2!O5>=90,"AA",IF(Sheet2!O5>=80,"AB",IF(Sheet2!O5>=70,"BB",IF(Sheet2!O5>=60,"BC",IF(Sheet2!O5>=50,"CC","FF"))))) -> FF
A6: =SUM(Sheet2!L6:P6) -> 294 | B6: =A6/500*100 -> 58.8 | C6: =IF(B6>=90,"AA",IF(B6>=80,"AB",IF(B6>=70,"BB",IF(B6>=60,"BC",IF(B6>=50,"CC","FF"))))) -> CC | D6: =IF(Sheet2!P6>=90,"AA",IF(Sheet2!P6>=80,"AB",IF(Sheet2!P6>=70,"BB",IF(Sheet2!P6>=60,"BC",IF(Sheet2!P6>=50,"CC","FF"))))) -> CC | E6: =IF(Sheet2!L6>=90,"AA",IF(Sheet2!L6>=80,"AB",IF(Sheet2!L6>=70,"BB",IF(Sheet2!L6>=60,"BC",IF(Sheet2!L6>=50,"CC","FF"))))) -> BC | F6: =IF(Sheet2!M6>=90,"AA",IF(Sheet2!M6>=80,"AB",IF(Sheet2!M6>=70,"BB",IF(Sheet2!M6>=60,"BC",IF(Sheet2!M6>=50,"CC","FF"))))) -> BC | G6: =IF(Sheet2!N6>=90,"AA",IF(Sheet2!N6>=80,"AB",IF(Sheet2!N6>=70,"BB",IF(Sheet2!N6>=60,"BC",IF(Sheet2!N6>=50,"CC","FF"))))) -> CC | H6: =IF(Sheet2!O6>=90,"AA",IF(Sheet2!O6>=80,"AB",IF(Sheet2!O6>=70,"BB",IF(Sheet2!O6>=60,"BC",IF(Sheet2!O6>=50,"CC","FF"))))) -> CC
A7: =SUM(Sheet2!L7:P7) -> 299 | B7: =A7/500*100 -> 59.8 | C7: =IF(B7>=90,"AA",IF(B7>=80,"AB",IF(B7>=70,"BB",IF(B7>=60,"BC",IF(B7>=50,"CC","FF"))))) -> CC | D7: =IF(Sheet2!P7>=90,"AA",IF(Sheet2!P7>=80,"AB",IF(Sheet2!P7>=70,"BB",IF(Sheet2!P7>=60,"BC",IF(Sheet2!P7>=50,"CC","FF"))))) -> BC | E7: =IF(Sheet2!L7>=90,"AA",IF(Sheet2!L7>=80,"AB",IF(Sheet2!L7>=70,"BB",IF(Sheet2!L7>=60,"BC",IF(Sheet2!L7>=50,"CC","FF"))))) -> BC | F7: =IF(Sheet2!M7>=90,"AA",IF(Sheet2!M7>=80,"AB",IF(Sheet2!M7>=70,"BB",IF(Sheet2!M7>=60,"BC",IF(Sheet2!M7>=50,"CC","FF"))))) -> BC | G7: =IF(Sheet2!N7>=90,"AA",IF(Sheet2!N7>=80,"AB",IF(Sheet2!N7>=70,"BB",IF(Sheet2!N7>=60,"BC",IF(Sheet2!N7>=50,"CC","FF"))))) -> CC | H7: =IF(Sheet2!O7>=90,"AA",IF(Sheet2!O7>=80,"AB",IF(Sheet2!O7>=70,"BB",IF(Sheet2!O7>=60,"BC",IF(Sheet2!O7>=50,"CC","FF"))))) -> CC
A8: =SUM(Sheet2!L8:P8) -> 304 | B8: =A8/500*100 -> 60.8 | C8: =IF(B8>=90,"AA",IF(B8>=80,"AB",IF(B8>=70,"BB",IF(B8>=60,"BC",IF(B8>=50,"CC","FF"))))) -> BC | D8: =IF(Sheet2!P8>=90,"AA",IF(Sheet2!P8>=80,"AB",IF(Sheet2!P8>=70,"BB",IF(Sheet2!P8>=60,"BC",IF(Sheet2!P8>=50,"CC","FF"))))) -> BC | E8: =IF(Sheet2!L8>=90,"AA",IF(Sheet2!L8>=80,"AB",IF(Sheet2!L8>=70,"BB",IF(Sheet2!L8>=60,"BC",IF(Sheet2!L8>=50,"CC","FF"))))) -> BC | F8: =IF(Sheet2!M8>=90,"AA",IF(Sheet2!M8>=80,"AB",IF(Sheet2!M8>=70,"BB",IF(Sheet2!M8>=60,"BC",IF(Sheet2!M8>=50,"CC","FF"))))) -> BC | G8: =IF(Sheet2!N8>=90,"AA",IF(Sheet2!N8>=80,"AB",IF(Sheet2!N8>=70,"BB",IF(Sheet2!N8>=60,"BC",IF(Sheet2!N8>=50,"CC","FF"))))) -> CC | H8: =IF(Sheet2!O8>=90,"AA",IF(Sheet2!O8>=80,"AB",IF(Sheet2!O8>=70,"BB",IF(Sheet2!O8>=60,"BC",IF(Sheet2!O8>=50,"CC","FF"))))) -> CC
A9: =SUM(Sheet2!L9:P9) -> 309 | B9: =A9/500*100 -> 61.8 | C9: =IF(B9>=90,"AA",IF(B9>=80,"AB",IF(B9>=70,"BB",IF(B9>=60,"BC",IF(B9>=50,"CC","FF"))))) -> BC | D9: =IF(Sheet2!P9>=90,"AA",IF(Sheet2!P9>=80,"AB",IF(Sheet2!P9>=70,"BB",IF(Sheet2!P9>=60,"BC",IF(Sheet2!P9>=50,"CC","FF"))))) -> BC | E9: =IF(Sheet2!L9>=90,"AA",IF(Sheet2!L9>=80,"AB",IF(Sheet2!L9>=70,"BB",IF(Sheet2!L9>=60,"BC",IF(Sheet2!L9>=50,"CC","FF"))))) -> BC | F9: =IF(Sheet2!M9>=90,"AA",IF(Sheet2!M9>=80,"AB",IF(Sheet2!M9>=70,"BB",IF(Sheet2!M9>=60,"BC",IF(Sheet2!M9>=50,"CC","FF"))))) -> BC | G9: =IF(Sheet2!N9>=90,"AA",IF(Sheet2!N9>=80,"AB",IF(Sheet2!N9>=70,"BB",IF(Sheet2!N9>=60,"BC",IF(Sheet2!N9>=50,"CC","FF"))))) -> BC | H9: =IF(Sheet2!O9>=90,"AA",IF(Sheet2!O9>=80,"AB",IF(Sheet2!O9>=70,"BB",IF(Sheet2!O9>=60,"BC",IF(Sheet2!O9>=50,"CC","FF"))))) -> CC
A10: =SUM(Sheet2!L10:P10) -> 314 | B10: =A10/500*100 -> 62.8 | C10: =IF(B10>=90,"AA",IF(B10>=80,"AB",IF(B10>=70,"BB",IF(B10>=60,"BC",IF(B10>=50,"CC","FF"))))) -> BC | D10: =IF(Sheet2!P10>=90,"AA",IF(Sheet2!P10>=80,"AB",IF(Sheet2!P10>=70,"BB",IF(Sheet2!P10>=60,"BC",IF(Sheet2!P10>=50,"CC","FF"))))) -> BC | E10: =IF(Sheet2!L10>=90,"AA",IF(Sheet2!L10>=80,"AB",IF(Sheet2!L10>=70,"BB",IF(Sheet2!L10>=60,"BC",IF(Sheet2!L10>=50,"CC","FF"))))) -> BC | F10: =IF(Sheet2!M10>=90,"AA",IF(Sheet2!M10>=80,"AB",IF(Sheet2!M10>=70,"BB",IF(Sheet2!M10>=60,"BC",IF(Sheet2!M10>=50,"CC","FF"))))) -> BC | G10: =IF(Sheet2!N10>=90,"AA",IF(Sheet2!N10>=80,"AB",IF(Sheet2!N10>=70,"BB",IF(Sheet2!N10>=60,"BC",IF(Sheet2!N10>=50,"CC","FF"))))) -> BC | H10: =IF(Sheet2!O10>=90,"AA",IF(Sheet2!O10>=80,"AB",IF(Sheet2!O10>=70,"BB",IF(Sheet2!O10>=60,"BC",IF(Sheet2!O10>=50,"CC","FF"))))) -> CC
A11: =SUM(Sheet2!L11:P11) -> 269 | B11: =A11/500*100 -> 53.8 | C11: =IF(B11>=90,"AA",IF(B11>=80,"AB",IF(B11>=70,"BB",IF(B11>=60,"BC",IF(B11>=50,"CC","FF"))))) -> CC | D11: =IF(Sheet2!P11>=90,"AA",IF(Sheet2!P11>=80,"AB",IF(Sheet2!P11>=70,"BB",IF(Sheet2!P11>=60,"BC",IF(Sheet2!P11>=50,"CC","FF"))))) -> CC | E11: =IF(Sheet2!L11>=90,"AA",IF(Sheet2!L11>=80,"AB",IF(Sheet2!L11>=70,"BB",IF(Sheet2!L11>=60,"BC",IF(Sheet2!L11>=50,"CC","FF"))))) -> CC | F11: =IF(Sheet2!M11>=90,"AA",IF(Sheet2!M11>=80,"AB",IF(Sheet2!M11>=70,"BB",IF(Sheet2!M11>=60,"BC",IF(Sheet2!M11>=50,"CC","FF"))))) -> CC | G11: =IF(Sheet2!N11>=90,"AA",IF(Sheet2!N11>=80,"AB",IF(Sheet2!N11>=70,"BB",IF(Sheet2!N11>=60,"BC",IF(Sheet2!N11>=50,"CC","FF"))))) -> CC | H11: =IF(Sheet2!O11>=90,"AA",IF(Sheet2!O11>=80,"AB",IF(Sheet2!O11>=70,"BB",IF(Sheet2!O11>=60,"BC",IF(Sheet2!O11>=50,"CC","FF"))))) -> CC
A12: =SUM(Sheet2!L12:P12) -> 274 | B12: =A12/500*100 -> 54.8 | C12: =IF(B12>=90,"AA",IF(B12>=80,"AB",IF(B12>=70,"BB",IF(B12>=60,"BC",IF(B12>=50,"CC","FF"))))) -> CC | D12: =IF(Sheet2!P12>=90,"AA",IF(Sheet2!P12>=80,"AB",IF(Sheet2!P12>=70,"BB",IF(Sheet2!P12>=60,"BC",IF(Sheet2!P12>=50,"CC","FF"))))) -> CC | E12: =IF(Sheet2!L12>=90,"AA",IF(Sheet2!L12>=80,"AB",IF(Sheet2!L12>=70,"BB",IF(Sheet2!L12>=60,"BC",IF(Sheet2!L12>=50,"CC","FF"))))) -> CC | F12: =IF(Sheet2!M12>=90,"AA",IF(Sheet2!M12>=80,"AB",IF(Sheet2!M12>=70,"BB",IF(Sheet2!M12>=60,"BC",IF(Sheet2!M12>=50,"CC","FF"))))) -> CC | G12: =IF(Sheet2!N12>=90,"AA",IF(Sheet2!N12>=80,"AB",IF(Sheet2!N12>=70,"BB",IF(Sheet2!N12>=60,"BC",IF(Sheet2!N12>=50,"CC","FF"))))) -> CC | H12: =IF(Sheet2!O12>=90,"AA",IF(Sheet2!O12>=80,"AB",IF(Sheet2!O12>=70,"BB",IF(Sheet2!O12>=60,"BC",IF(Sheet2!O12>=50,"CC","FF"))))) -> CC
A13: =SUM(Sheet2!L13:P13) -> 279 | B13: =A13/500*100 -> 55.8 | C13: =IF(B13>=90,"AA",IF(B13>=80,"AB",IF(B13>=70,"BB",IF(B13>=60,"BC",IF(B13>=50,"CC","FF"))))) -> CC | D13: =IF(Sheet2!P13>=90,"AA",IF(Sheet2!P13>=80,"AB",IF(Sheet2!P13>=70,"BB",IF(Sheet2!P13>=60,"BC",IF(Sheet2!P13>=50,"CC","FF"))))) -> CC | E13: =IF(Sheet2!L13>=90,"AA",IF(Sheet2!L13>=80,"AB",IF(Sheet2!L13>=70,"BB",IF(Sheet2!L13>=60,"BC",IF(Sheet2!L13>=50,"CC","FF"))))) -> CC | F13: =IF(Sheet2!M13>=90,"AA",IF(Sheet2!M13>=80,"AB",IF(Sheet2!M13>=70,"BB",IF(Sheet2!M13>=60,"BC",IF(Sheet2!M13>=50,"CC","FF"))))) -> BC | G13: =IF(Sheet2!N13>=90,"AA",IF(Sheet2!N13>=80,"AB",IF(Sheet2!N13>=70,"BB",IF(Sheet2!N13>=60,"BC",IF(Sheet2!N13>=50,"CC","FF"))))) -> CC | H13: =IF(Sheet2!O13>=90,"AA",IF(Sheet2!O13>=80,"AB",IF(Sheet2!O13>=70,"BB",IF(Sheet2!O13>=60,"BC",IF(Sheet2!O13>=50,"CC","FF"))))) -> CC
... A21: =SUM(Sheet2!L21:P21) -> 269 | B21: =A21/500*100 -> 53.8 | C21: =IF(B21>=90,"AA",IF(B21>=80,"AB",IF(B21>=70,"BB",IF(B21>=60,"BC",IF(B21>=50,"CC","FF"))))) -> CC | D21: =IF(Sheet2!P21>=90,"AA",IF(Sheet2!P21>=80,"AB",IF(Sheet2!P21>=70,"BB",IF(Sheet2!P21>=60,"BC",IF(Sheet2!P21>=50,"CC","FF"))))) -> CC | E21: =IF(Sheet2!L21>=90,"AA",IF(Sheet2!L21>=80,"AB",IF(Sheet2!L21>=70,"BB",IF(Sheet2!L21>=60,"BC",IF(Sheet2!L21>=50,"CC","FF"))))) -> CC | F21: =IF(Sheet2!M21>=90,"AA",IF(Sheet2!M21>=80,"AB",IF(Sheet2!M21>=70,"BB",IF(Sheet2!M21>=60,"BC",IF(Sheet2!M21>=50,"CC","FF"))))) -> CC | G21: =IF(Sheet2!N21>=90,"AA",IF(Sheet2!N21>=80,"AB",IF(Sheet2!N21>=70,"BB",IF(Sheet2!N21>=60,"BC",IF(Sheet2!N21>=50,"CC","FF"))))) -> CC | H21: =IF(Sheet2!O21>=90,"AA",IF(Sheet2!O21>=80,"AB",IF(Sheet2!O21>=70,"BB",IF(Sheet2!O21>=60,"BC",IF(Sheet2!O21>=50,"CC","FF"))))) -> CC
